Time,RelativeTime,Address,Undefined,
Mon Mar  8 11:48:40 2021,>8022,50100,0,
Time,RelativeTime,Address,Undefined,
Mon Mar  8 11:52:05 2021,>8227,50100,0,
Time,RelativeTime,Address,Undefined,
Mon Mar  8 11:52:53 2021,>8275,50100,0,
Time,RelativeTime,Address,Undefined,
Mon Mar  8 11:55:02 2021,>8404,50100,0,
Time,RelativeTime,Address,Undefined,
Mon Mar  8 11:56:20 2021,>8482,50100,0,
Time,RelativeTime,Address,Undefined,
Tue Mar  9 18:10:43 2021,>1074,50100,0,
Time,RelativeTime,Address,Undefined,
Tue Mar  9 18:14:45 2021,>1315,50100,0,
Time,RelativeTime,Address,Undefined,
Tue Mar  9 18:21:49 2021,>1740,50100,0,
