Fri Jun  4 10:07:55 2021,19,49,MIN VOL LOW ,
Fri Jun  4 10:07:55 2021,12,49,AIR SUPPLY ?,
Fri Jun  4 10:07:55 2021,08,48,% O2 LOW    ,
Fri Jun  4 10:07:55 2021,57,53,CO2 ALRM OFF,
Fri Jun  4 10:07:55 2021,13,49,LO O2 SUPPLY,
Fri Jun  4 10:07:55 2021,9A,57,PAW LOW     ,
Fri Jun  4 10:07:55 2021,A4,65,VOL ERR     ,
Fri Jun  4 10:07:55 2021,33,51,VOL INCONST ,
Fri Jun  4 10:07:55 2021,42,52,FLOW SENSOR?,

Fri Jun  4 10:08:01 2021,19,49,MIN VOL LOW ,
Fri Jun  4 10:08:01 2021,12,49,AIR SUPPLY ?,
Fri Jun  4 10:08:01 2021,08,48,% O2 LOW    ,
Fri Jun  4 10:08:01 2021,57,53,CO2 ALRM OFF,
Fri Jun  4 10:08:01 2021,13,49,LO O2 SUPPLY,
Fri Jun  4 10:08:01 2021,9A,57,PAW LOW     ,
Fri Jun  4 10:08:01 2021,A4,65,VOL ERR     ,
Fri Jun  4 10:08:01 2021,33,51,VOL INCONST ,
Fri Jun  4 10:08:01 2021,42,52,FLOW SENSOR?,

Fri Jun  4 10:08:06 2021,19,49,MIN VOL LOW ,
Fri Jun  4 10:08:06 2021,12,49,AIR SUPPLY ?,
Fri Jun  4 10:08:06 2021,08,48,% O2 LOW    ,
Fri Jun  4 10:08:06 2021,57,53,CO2 ALRM OFF,
Fri Jun  4 10:08:06 2021,13,49,LO O2 SUPPLY,
Fri Jun  4 10:08:06 2021,9A,57,PAW LOW     ,
Fri Jun  4 10:08:06 2021,A4,65,VOL ERR     ,
Fri Jun  4 10:08:06 2021,33,51,VOL INCONST ,
Fri Jun  4 10:08:06 2021,42,52,FLOW SENSOR?,

Fri Jun  4 10:08:11 2021,19,49,MIN VOL LOW ,
Fri Jun  4 10:08:11 2021,12,49,AIR SUPPLY ?,
Fri Jun  4 10:08:11 2021,08,48,% O2 LOW    ,
Fri Jun  4 10:08:11 2021,57,53,CO2 ALRM OFF,
Fri Jun  4 10:08:11 2021,13,49,LO O2 SUPPLY,
Fri Jun  4 10:08:11 2021,9A,57,PAW LOW     ,
Fri Jun  4 10:08:11 2021,A4,65,VOL ERR     ,
Fri Jun  4 10:08:11 2021,33,51,VOL INCONST ,
Fri Jun  4 10:08:11 2021,42,52,FLOW SENSOR?,

Fri Jun  4 10:08:16 2021,19,49,MIN VOL LOW ,
Fri Jun  4 10:08:16 2021,12,49,AIR SUPPLY ?,
Fri Jun  4 10:08:16 2021,08,48,% O2 LOW    ,
Fri Jun  4 10:08:16 2021,57,53,CO2 ALRM OFF,
Fri Jun  4 10:08:16 2021,13,49,LO O2 SUPPLY,
Fri Jun  4 10:08:16 2021,9A,57,PAW LOW     ,
Fri Jun  4 10:08:16 2021,A4,65,VOL ERR     ,
Fri Jun  4 10:08:16 2021,33,51,VOL INCONST ,
Fri Jun  4 10:08:16 2021,42,52,FLOW SENSOR?,

Fri Jun  4 10:08:21 2021,19,49,MIN VOL LOW ,
Fri Jun  4 10:08:21 2021,12,49,AIR SUPPLY ?,
Fri Jun  4 10:08:21 2021,08,48,% O2 LOW    ,
Fri Jun  4 10:08:21 2021,57,53,CO2 ALRM OFF,
Fri Jun  4 10:08:21 2021,13,49,LO O2 SUPPLY,
Fri Jun  4 10:08:21 2021,9A,57,PAW LOW     ,
Fri Jun  4 10:08:21 2021,A4,65,VOL ERR     ,
Fri Jun  4 10:08:21 2021,33,51,VOL INCONST ,
Fri Jun  4 10:08:21 2021,42,52,FLOW SENSOR?,

Fri Jun  4 10:08:26 2021,19,49,MIN VOL LOW ,
Fri Jun  4 10:08:26 2021,12,49,AIR SUPPLY ?,
Fri Jun  4 10:08:26 2021,08,48,% O2 LOW    ,
Fri Jun  4 10:08:26 2021,57,53,CO2 ALRM OFF,
Fri Jun  4 10:08:26 2021,13,49,LO O2 SUPPLY,
Fri Jun  4 10:08:26 2021,9A,57,PAW LOW     ,
Fri Jun  4 10:08:26 2021,A4,65,VOL ERR     ,
Fri Jun  4 10:08:26 2021,33,51,VOL INCONST ,
Fri Jun  4 10:08:26 2021,42,52,FLOW SENSOR?,

Fri Jun  4 10:08:31 2021,19,49,MIN VOL LOW ,
Fri Jun  4 10:08:31 2021,12,49,AIR SUPPLY ?,
Fri Jun  4 10:08:31 2021,08,48,% O2 LOW    ,
Fri Jun  4 10:08:31 2021,57,53,CO2 ALRM OFF,
Fri Jun  4 10:08:31 2021,13,49,LO O2 SUPPLY,
Fri Jun  4 10:08:31 2021,9A,57,PAW LOW     ,
Fri Jun  4 10:08:31 2021,A4,65,VOL ERR     ,
Fri Jun  4 10:08:31 2021,33,51,VOL INCONST ,
Fri Jun  4 10:08:31 2021,42,52,FLOW SENSOR?,

Fri Jun  4 10:08:36 2021,19,49,MIN VOL LOW ,
Fri Jun  4 10:08:36 2021,12,49,AIR SUPPLY ?,
Fri Jun  4 10:08:36 2021,08,48,% O2 LOW    ,
Fri Jun  4 10:08:36 2021,57,53,CO2 ALRM OFF,
Fri Jun  4 10:08:36 2021,13,49,LO O2 SUPPLY,
Fri Jun  4 10:08:36 2021,9A,57,PAW LOW     ,
Fri Jun  4 10:08:36 2021,A4,65,VOL ERR     ,
Fri Jun  4 10:08:36 2021,33,51,VOL INCONST ,
Fri Jun  4 10:08:36 2021,42,52,FLOW SENSOR?,

Fri Jun  4 10:10:10 2021,19,49,MIN VOL LOW ,
Fri Jun  4 10:10:10 2021,12,49,AIR SUPPLY ?,
Fri Jun  4 10:10:10 2021,08,48,% O2 LOW    ,
Fri Jun  4 10:10:10 2021,57,53,CO2 ALRM OFF,
Fri Jun  4 10:10:10 2021,13,49,LO O2 SUPPLY,
Fri Jun  4 10:10:10 2021,9A,57,PAW LOW     ,
Fri Jun  4 10:10:10 2021,A4,65,VOL ERR     ,
Fri Jun  4 10:10:10 2021,33,51,VOL INCONST ,
Fri Jun  4 10:10:10 2021,42,52,FLOW SENSOR?,

Fri Jun  4 10:10:15 2021,19,49,MIN VOL LOW ,
Fri Jun  4 10:10:15 2021,12,49,AIR SUPPLY ?,
Fri Jun  4 10:10:15 2021,08,48,% O2 LOW    ,
Fri Jun  4 10:10:15 2021,57,53,CO2 ALRM OFF,
Fri Jun  4 10:10:15 2021,13,49,LO O2 SUPPLY,
Fri Jun  4 10:10:15 2021,9A,57,PAW LOW     ,
Fri Jun  4 10:10:15 2021,A4,65,VOL ERR     ,
Fri Jun  4 10:10:15 2021,33,51,VOL INCONST ,
Fri Jun  4 10:10:15 2021,42,52,FLOW SENSOR?,

