Wed Jun  9 11:50:17 2021,19,49,MIN VOL LOW ,
Wed Jun  9 11:50:17 2021,12,49,AIR SUPPLY ?,
Wed Jun  9 11:50:17 2021,08,48,% O2 LOW    ,
Wed Jun  9 11:50:17 2021,57,53,CO2 ALRM OFF,
Wed Jun  9 11:50:17 2021,13,49,LO O2 SUPPLY,
Wed Jun  9 11:50:17 2021,9A,57,PAW LOW     ,
Wed Jun  9 11:50:17 2021,A4,65,VOL ERR     ,
Wed Jun  9 11:50:17 2021,33,51,VOL INCONST ,
Wed Jun  9 11:50:17 2021,42,52,FLOW SENSOR?,

Wed Jun  9 11:50:22 2021,19,49,MIN VOL LOW ,
Wed Jun  9 11:50:22 2021,12,49,AIR SUPPLY ?,
Wed Jun  9 11:50:22 2021,08,48,% O2 LOW    ,
Wed Jun  9 11:50:22 2021,57,53,CO2 ALRM OFF,
Wed Jun  9 11:50:22 2021,13,49,LO O2 SUPPLY,
Wed Jun  9 11:50:22 2021,9A,57,PAW LOW     ,
Wed Jun  9 11:50:22 2021,A4,65,VOL ERR     ,
Wed Jun  9 11:50:22 2021,33,51,VOL INCONST ,
Wed Jun  9 11:50:22 2021,42,52,FLOW SENSOR?,

Wed Jun  9 11:50:27 2021,19,49,MIN VOL LOW ,
Wed Jun  9 11:50:27 2021,12,49,AIR SUPPLY ?,
Wed Jun  9 11:50:27 2021,08,48,% O2 LOW    ,
Wed Jun  9 11:50:27 2021,57,53,CO2 ALRM OFF,
Wed Jun  9 11:50:27 2021,13,49,LO O2 SUPPLY,
Wed Jun  9 11:50:27 2021,9A,57,PAW LOW     ,
Wed Jun  9 11:50:27 2021,A4,65,VOL ERR     ,
Wed Jun  9 11:50:27 2021,33,51,VOL INCONST ,
Wed Jun  9 11:50:27 2021,42,52,FLOW SENSOR?,

