Wed Jul 28 14:38:35 2021,19,49,MIN VOL LOW ,
Wed Jul 28 14:38:35 2021,12,49,AIR SUPPLY ?,
Wed Jul 28 14:38:35 2021,08,48,% O2 LOW    ,
Wed Jul 28 14:38:35 2021,57,53,CO2 ALRM OFF,
Wed Jul 28 14:38:35 2021,13,49,LO O2 SUPPLY,
Wed Jul 28 14:38:35 2021,9A,57,PAW LOW     ,
Wed Jul 28 14:38:35 2021,A4,65,VOL ERR     ,
Wed Jul 28 14:38:35 2021,33,51,VOL INCONST ,
Wed Jul 28 14:38:35 2021,42,52,FLOW SENSOR?,

Wed Jul 28 14:38:36 2021,19,49,MIN VOL LOW ,
Wed Jul 28 14:38:36 2021,12,49,AIR SUPPLY ?,
Wed Jul 28 14:38:36 2021,08,48,% O2 LOW    ,
Wed Jul 28 14:38:36 2021,57,53,CO2 ALRM OFF,
Wed Jul 28 14:38:36 2021,13,49,LO O2 SUPPLY,
Wed Jul 28 14:38:36 2021,9A,57,PAW LOW     ,
Wed Jul 28 14:38:36 2021,A4,65,VOL ERR     ,
Wed Jul 28 14:38:36 2021,33,51,VOL INCONST ,
Wed Jul 28 14:38:36 2021,42,52,FLOW SENSOR?,

Wed Jul 28 14:38:37 2021,19,49,MIN VOL LOW ,
Wed Jul 28 14:38:37 2021,12,49,AIR SUPPLY ?,
Wed Jul 28 14:38:37 2021,08,48,% O2 LOW    ,
Wed Jul 28 14:38:37 2021,57,53,CO2 ALRM OFF,
Wed Jul 28 14:38:37 2021,13,49,LO O2 SUPPLY,
Wed Jul 28 14:38:37 2021,9A,57,PAW LOW     ,
Wed Jul 28 14:38:37 2021,A4,65,VOL ERR     ,
Wed Jul 28 14:38:37 2021,33,51,VOL INCONST ,
Wed Jul 28 14:38:37 2021,42,52,FLOW SENSOR?,

Wed Jul 28 14:38:38 2021,19,49,MIN VOL LOW ,
Wed Jul 28 14:38:38 2021,12,49,AIR SUPPLY ?,
Wed Jul 28 14:38:38 2021,08,48,% O2 LOW    ,
Wed Jul 28 14:38:38 2021,57,53,CO2 ALRM OFF,
Wed Jul 28 14:38:38 2021,13,49,LO O2 SUPPLY,
Wed Jul 28 14:38:38 2021,9A,57,PAW LOW     ,
Wed Jul 28 14:38:38 2021,A4,65,VOL ERR     ,
Wed Jul 28 14:38:38 2021,33,51,VOL INCONST ,
Wed Jul 28 14:38:38 2021,42,52,FLOW SENSOR?,

Wed Jul 28 14:38:41 2021,19,49,MIN VOL LOW ,
Wed Jul 28 14:38:41 2021,12,49,AIR SUPPLY ?,
Wed Jul 28 14:38:41 2021,08,48,% O2 LOW    ,
Wed Jul 28 14:38:41 2021,57,53,CO2 ALRM OFF,
Wed Jul 28 14:38:41 2021,13,49,LO O2 SUPPLY,
Wed Jul 28 14:38:41 2021,9A,57,PAW LOW     ,
Wed Jul 28 14:38:41 2021,A4,65,VOL ERR     ,
Wed Jul 28 14:38:41 2021,33,51,VOL INCONST ,
Wed Jul 28 14:38:41 2021,42,52,FLOW SENSOR?,

Wed Jul 28 14:38:42 2021,19,49,MIN VOL LOW ,
Wed Jul 28 14:38:42 2021,12,49,AIR SUPPLY ?,
Wed Jul 28 14:38:42 2021,08,48,% O2 LOW    ,
Wed Jul 28 14:38:42 2021,57,53,CO2 ALRM OFF,
Wed Jul 28 14:38:42 2021,13,49,LO O2 SUPPLY,
Wed Jul 28 14:38:42 2021,9A,57,PAW LOW     ,
Wed Jul 28 14:38:42 2021,A4,65,VOL ERR     ,
Wed Jul 28 14:38:42 2021,33,51,VOL INCONST ,
Wed Jul 28 14:38:42 2021,42,52,FLOW SENSOR?,

Wed Jul 28 14:38:44 2021,19,49,MIN VOL LOW ,
Wed Jul 28 14:38:44 2021,12,49,AIR SUPPLY ?,
Wed Jul 28 14:38:44 2021,08,48,% O2 LOW    ,
Wed Jul 28 14:38:44 2021,57,53,CO2 ALRM OFF,
Wed Jul 28 14:38:44 2021,13,49,LO O2 SUPPLY,
Wed Jul 28 14:38:44 2021,9A,57,PAW LOW     ,
Wed Jul 28 14:38:44 2021,A4,65,VOL ERR     ,
Wed Jul 28 14:38:44 2021,33,51,VOL INCONST ,
Wed Jul 28 14:38:44 2021,42,52,FLOW SENSOR?,

Wed Jul 28 14:38:45 2021,19,49,MIN VOL LOW ,
Wed Jul 28 14:38:45 2021,12,49,AIR SUPPLY ?,
Wed Jul 28 14:38:45 2021,08,48,% O2 LOW    ,
Wed Jul 28 14:38:45 2021,57,53,CO2 ALRM OFF,
Wed Jul 28 14:38:45 2021,13,49,LO O2 SUPPLY,
Wed Jul 28 14:38:45 2021,9A,57,PAW LOW     ,
Wed Jul 28 14:38:45 2021,A4,65,VOL ERR     ,
Wed Jul 28 14:38:45 2021,33,51,VOL INCONST ,
Wed Jul 28 14:38:45 2021,42,52,FLOW SENSOR?,

Wed Jul 28 14:38:47 2021,19,49,MIN VOL LOW ,
Wed Jul 28 14:38:47 2021,12,49,AIR SUPPLY ?,
Wed Jul 28 14:38:47 2021,08,48,% O2 LOW    ,
Wed Jul 28 14:38:47 2021,57,53,CO2 ALRM OFF,
Wed Jul 28 14:38:47 2021,13,49,LO O2 SUPPLY,
Wed Jul 28 14:38:47 2021,9A,57,PAW LOW     ,
Wed Jul 28 14:38:47 2021,A4,65,VOL ERR     ,
Wed Jul 28 14:38:47 2021,33,51,VOL INCONST ,
Wed Jul 28 14:38:47 2021,42,52,FLOW SENSOR?,

Wed Jul 28 14:38:48 2021,19,49,MIN VOL LOW ,
Wed Jul 28 14:38:48 2021,12,49,AIR SUPPLY ?,
Wed Jul 28 14:38:48 2021,08,48,% O2 LOW    ,
Wed Jul 28 14:38:48 2021,57,53,CO2 ALRM OFF,
Wed Jul 28 14:38:48 2021,13,49,LO O2 SUPPLY,
Wed Jul 28 14:38:48 2021,9A,57,PAW LOW     ,
Wed Jul 28 14:38:48 2021,A4,65,VOL ERR     ,
Wed Jul 28 14:38:48 2021,33,51,VOL INCONST ,
Wed Jul 28 14:38:48 2021,42,52,FLOW SENSOR?,

